chargeDeviceID,name,latitude,longitude,town,county,postcode,locationType,chargeDeviceStatus,paymentRequired,accessRestrictionFlag,parkingFeesFlag,subscriptionRequired,access24Hours,connector1Type,connector1RatedOutputKW,connector1ChargeMethod,connector1Status
3c6d4f6a20e08ad47557b4fc5e67dbc8,Newcastle Civic Centre Surface,54.978903,-1.610728,Newcastle upon Tyne,Tyne and Wear,NE1 8PP,Other,In service,Yes,0,0,1,Unknown,3-pin Type G (BS1363),3,Single Phase AC,In service
0eb0cfb54e452e7c8110cd04ad6588dd,Newcastle Civic Centre Surface,54.978701,-1.610728,Newcastle upon Tyne,Tyne and Wear,NE1 8PP,Other,In service,Yes,0,0,1,Unknown,3-pin Type G (BS1363),3,Single Phase AC,In service
8a608ab5ea3865ae688ac2f8b1cc3b61,Newcastle Civic Centre Surface,54.978505,-1.610675,Newcastle upon Tyne,Tyne and Wear,NE1 8PP,Other,In service,Yes,0,0,1,Unknown,3-pin Type G (BS1363),3,Single Phase AC,In service
4c6c5a798d2e7f2e007de69322bb2359,Newcastle Civic Centre Surface,54.978805,-1.610728,Newcastle upon Tyne,Tyne and Wear,NE1 8PP,Other,In service,Yes,0,0,1,Unknown,3-pin Type G (BS1363),3,Single Phase AC,In service
c8b7a9d67af41991945f77465ef58f1a,Civic Centre Underground Car Park,54.978505,-1.610228,Newcastle upon Tyne,Tyne and Wear,NE1 8PP,Other,In service,Yes,0,0,1,No,3-pin Type G (BS1363),3,Single Phase AC,In service
c13ce2ce7cd12830d03b9d996bc05388,Stella House,54.9688,-1.713924,Newcastle upon Tyne,Tyne and Wear,NE15 8NY,Other,In service,Yes,0,0,1,Unknown,3-pin Type G (BS1363),3,Single Phase AC,In service
eede2d28a4d05ac58f8b79102668ad34,Stella House,54.968929,-1.713924,Newcastle upon Tyne,Tyne and Wear,NE15 8NY,Other,In service,Yes,0,0,1,Unknown,3-pin Type G (BS1363),3,Single Phase AC,In service
087b1413b8b81559549306f55a01ebc3,Newcastle University Visitors Car Park,54.979692,-1.613544,Newcastle upon Tyne,Tyne and Wear,NE1 7RU,Educational establishment,In service,Yes,0,0,1,Unknown,3-pin Type G (BS1363),3,Single Phase AC,In service
e7b966126309c9707f07563d62d14f0c,Central Square South,54.967003,-1.613909,Newcastle upon Tyne,Tyne and Wear,NE1 3XX,Other,In service,Yes,0,0,1,Unknown,Type 2 Mennekes (IEC62196),7,Single Phase AC,In service
8e03ddb0982e1deb2023db3758f12ef5,Condercum Road Depot,54.973204,-1.661165,Newcastle upon Tyne,Tyne and Wear,NE4 8XN,Other,In service,Yes,0,0,1,Unknown,3-pin Type G (BS1363),3,Single Phase AC,In service
33c1551e32887aef85c6007466e667a0,Your Homes Newcastle,55.009181,-1.599109,Newcastle upon Tyne,Tyne and Wear,NE7 7LX,Other,In service,Yes,0,0,1,Unknown,3-pin Type G (BS1363),3,Single Phase AC,In service
4cd693494a8c867c551e0688ec78bde1,Your Homes Newcastle,55.009381,-1.599109,Newcastle upon Tyne,Tyne and Wear,NE7 7LX,Other,In service,Yes,0,0,1,Unknown,Type 2 Mennekes (IEC62196),7,Single Phase AC,In service
09c78e5e092faab26c371b2c3f13f514,Condercum Road Depot,54.9731,-1.661135,Newcastle upon Tyne,Tyne and Wear,NE4 8XN,Other,In service,Yes,0,0,1,Unknown,3-pin Type G (BS1363),3,Single Phase AC,In service
210bcb6b2b91bc12683f9f87e7c45d6c,Quorum Business Park,55.020299,-1.579031,Newcastle upon Tyne,Tyne and Wear,NE12 8FB,Other,In service,Yes,0,0,1,Unknown,3-pin Type G (BS1363),3,Single Phase AC,In service
f9ea301093a1aa4b23743e432cb0e33b,Etal Lane Police Station,54.99994,-1.680266,Newcastle upon Tyne,Tyne and Wear,NE5 4AW,Workplace car park,In service,Yes,0,0,1,Unknown,Type 2 Mennekes (IEC62196),7,Single Phase AC,In service
cb16e9966ff8b9db87d4ab07b1d9c117,Northumbria University Coach Lane Campus,55.004885,-1.571115,Newcastle upon Tyne,Tyne and Wear,NE7 7XA,Educational establishment,In service,Yes,0,0,1,Unknown,Type 2 Mennekes (IEC62196),7,Single Phase AC,In service
ea5def399cab671b4c7c1a95e4a4747f,Newcastle University Business School,54.974156,-1.622987,Newcastle upon Tyne,Tyne and Wear,NE1 4SE,Educational establishment,In service,Yes,1,0,1,Unknown,Type 2 Mennekes (IEC62196),7,Single Phase AC,In service
f87b7d1f666a0a1d86568485a520bffa,Nestle PLC,55.011472,-1.656127,Newcastle upon Tyne,Tyne and Wear,NE3 3TR,Other,In service,Yes,0,0,1,Unknown,Type 2 Mennekes (IEC62196),7,Single Phase AC,In service
7aa0c0a3e9f181bc2dd0e35ecae62dd9,Nestle PLC,55.011272,-1.656127,Newcastle upon Tyne,Tyne and Wear,NE3 3TR,Other,In service,Yes,0,0,1,Unknown,Type 2 Mennekes (IEC62196),7,Single Phase AC,In service
796e0358d2325ea224baf084dbeca14f,Nestle PLC,55.011772,-1.656127,Newcastle upon Tyne,Tyne and Wear,NE3 3TR,Other,In service,Yes,0,0,1,Unknown,Type 2 Mennekes (IEC62196),7,Single Phase AC,In service
8eeedc66ea8fbcdf2e74294037c2f389,Nestle PLC,55.011372,-1.656727,Newcastle upon Tyne,Tyne and Wear,NE3 3TR,Other,In service,Yes,0,0,1,Unknown,Type 2 Mennekes (IEC62196),7,Single Phase AC,In service
860fe1a72849de8657e95c3fbd819233,Time Central,54.974268,-1.619089,Newcastle upon Tyne,Tyne and Wear,NE1 4BF,Other,In service,Yes,0,0,1,Unknown,Type 2 Mennekes (IEC62196),7,Single Phase AC,In service
5a0de25c4bcaa248ec1765bcb0863712,Time Central,54.974168,-1.619089,Newcastle upon Tyne,Tyne and Wear,NE1 4BF,Other,In service,Yes,0,0,1,Unknown,Type 2 Mennekes (IEC62196),7,Single Phase AC,In service
e2b55042866db16f336e911d6e05a45b,St Nicholas Hospital,55.007849,-1.634267,Newcastle upon Tyne,Tyne and Wear,NE3 3XT,NHS property,In service,Yes,0,0,1,Unknown,Type 2 Mennekes (IEC62196),7,Single Phase AC,In service
4c63a38de84c8eb2ad7584bbb274af2d,St Nicholas Hospital,55.007749,-1.634267,Newcastle upon Tyne,Tyne and Wear,NE3 3XT,NHS property,In service,Yes,0,0,1,Unknown,Type 2 Mennekes (IEC62196),7,Single Phase AC,In service
5159a7b434755d9bb3d0041e46e26f6a,Newcastle Business Village,55.020102,-1.546101,Newcastle upon Tyne,Tyne and Wear,NE12 9SZ,Other,In service,Yes,0,0,1,Unknown,Type 2 Mennekes (IEC62196),7,Single Phase AC,In service
e50372d3fee4eadec9c42aa6528097cc,Newcastle Business Village,55.020202,-1.546101,Newcastle upon Tyne,Tyne and Wear,NE12 9SZ,Other,In service,Yes,0,0,1,Unknown,Type 2 Mennekes (IEC62196),7,Single Phase AC,In service
b68bcc008bf06986ac30f9be4452e879,Nestle PLC,55.011072,-1.656327,Newcastle upon Tyne,Tyne and Wear,NE3 3TR,Other,In service,Yes,0,0,1,Unknown,Type 2 Mennekes (IEC62196),7,Single Phase AC,In service
b5577aba45689865029e06cbcfed73ca,Nestle PLC,55.011172,-1.656427,Newcastle upon Tyne,Tyne and Wear,NE3 3TR,Other,In service,Yes,0,0,1,Unknown,Type 2 Mennekes (IEC62196),7,Single Phase AC,In service
15a016fffb4a3dc0bb2c48d98d268be7,Nestle PLC,55.011972,-1.656027,Newcastle upon Tyne,Tyne and Wear,NE3 3TR,Other,In service,Yes,0,0,1,Unknown,Type 2 Mennekes (IEC62196),7,Single Phase AC,In service
e84ac9a0edc8b549661205c41bbf297f,Nestle PLC,55.011872,-1.656227,Newcastle upon Tyne,Tyne and Wear,NE3 3TR,Other,In service,Yes,0,0,1,Unknown,Type 2 Mennekes (IEC62196),7,Single Phase AC,In service
6c2394673840081070b5b466f1c19da9,Nestle PLC,55.011572,-1.656127,Newcastle upon Tyne,Tyne and Wear,NE3 3TR,Other,In service,Yes,0,0,1,Unknown,Type 2 Mennekes (IEC62196),7,Single Phase AC,In service
8f20fe72886d5849926d898864c46523,King George VI Car Park,54.978383,-1.617756,Newcastle upon Tyne,Tyne and Wear,NE1 4LP,Other,In service,Yes,0,0,1,Unknown,Type 2 Mennekes (IEC62196),7,Single Phase AC,In service
3031746c0d0344107daebadeccbc2237,King George VI Car Park,54.978283,-1.617756,Newcastle upon Tyne,Tyne and Wear,NE1 4LP,Other,In service,Yes,0,0,1,Unknown,Type 2 Mennekes (IEC62196),7,Single Phase AC,In service
213fc014f650fdfb0403e75c6d750fe5,Newington Road Depot,54.98,-1.5961,Newcastle upon Tyne,Tyne and Wear,NE2 1PX,Other,In service,Yes,0,0,1,Unknown,Type 2 Mennekes (IEC62196),7,Single Phase AC,In service
322959058113d0592fbaaa5936f5c674,Newington Road Depot,54.98,-1.5962,Newcastle upon Tyne,Tyne and Wear,NE2 1PX,Other,In service,Yes,0,0,1,Unknown,Type 2 Mennekes (IEC62196),7,Single Phase AC,In service
e3cbb2b5450e080ca960e2958f20e0ee,Nestle PLC,55.011672,-1.656627,Newcastle upon Tyne,Tyne and Wear,NE3 3TR,Other,In service,Yes,0,0,1,Unknown,Type 2 Mennekes (IEC62196),7,Single Phase AC,In service
d006bce17dc2f016b118efb55be3e121,Derwenthaugh Road,54.961321,-1.685039,Newcastle upon Tyne,Tyne and Wear,NE16 3BL,Other,In service,Yes,0,0,1,Unknown,Type 2 Mennekes (IEC62196),7,Single Phase AC,In service
dcd38e1b67396751a80e9e69f5ccf1b1,Derwenthaugh Road,54.961421,-1.685039,Newcastle upon Tyne,Tyne and Wear,NE16 3BL,Other,In service,Yes,0,0,1,Unknown,Type 2 Mennekes (IEC62196),7,Single Phase AC,In service
11ecb0a77c9ccfd461881ce6b8338411,Shieldfield Centre,54.9777,-1.5991,Newcastle upon Tyne,Tyne and Wear,NE2 1AL,Other,In service,Yes,1,0,1,Unknown,Type 2 Mennekes (IEC62196),7,Single Phase AC,In service
59e29dc7066b5a6fcf68b48e6dd67347,Shieldfield Centre,54.9777,-1.5992,Newcastle upon Tyne,Tyne and Wear,NE2 1AL,Other,In service,Yes,1,0,1,Unknown,Type 2 Mennekes (IEC62196),7,Single Phase AC,In service
ba7f4fbe78b8a3c4618a5eaf93dce218,Allendale Road,54.9728,-1.5711,Newcastle upon Tyne,Tyne and Wear,NE6 2SZ,Other,In service,Yes,0,0,1,Unknown,Type 2 Mennekes (IEC62196),7,Single Phase AC,In service
9e8a5c1f4174912f20cdad10d566a2d2,Allendale Road,54.9728,-1.5712,Newcastle upon Tyne,Tyne and Wear,NE6 2SZ,Other,In service,Yes,0,0,1,Unknown,Type 2 Mennekes (IEC62196),7,Single Phase AC,In service
16a9298bcdf23042692df2d17c7e8a0a,Allendale Road,54.9729,-1.5711,Newcastle upon Tyne,Tyne and Wear,NE6 2SZ,Other,In service,Yes,0,0,1,Unknown,Type 2 Mennekes (IEC62196),7,Single Phase AC,In service
728af2fb27f319c4be373ea371e0aba4,Allendale Road,54.9729,-1.5712,Newcastle upon Tyne,Tyne and Wear,NE6 2SZ,Other,In service,Yes,0,0,1,Unknown,Type 2 Mennekes (IEC62196),7,Single Phase AC,In service
5b6a98d1701494ba253b9995df8c9e6c,Swing Bridge Carpark,54.967738,-1.609539,Newcastle upon Tyne,Tyne and Wear,NE1 3RQ,Other,In service,Yes,0,0,1,Unknown,Type 2 Mennekes (IEC62196),7,Single Phase AC,In service
7238f09eded4ff476195b2c3e8fbe436,Eldon Garden Multi-Storey Car Park 1,54.976044,-1.616317,Newcastle upon Tyne,Tyne and Wear,NE1 7RZ,Public car park,In service,Yes,0,0,1,No,Type 2 Mennekes (IEC62196),7,Single Phase AC,In service
75194bcd73e801e52d3937040b1067c8,Eldon Garden Multi-Storey Car Park 2,54.97613,-1.6163,Newcastle upon Tyne,Tyne and Wear,NE1 7RZ,Public car park,In service,Yes,0,0,1,No,3-pin Type G (BS1363),3,Single Phase AC,In service
1f3ecb87f576752202975d3e0b868bdc,Whitelee Holiday Cotages,55.339241,-2.454973,Newcastle upon Tyne,Tyne and Wear,NE19 1TJ,Other,In service,Yes,0,0,1,Unknown,Type 2 Mennekes (IEC62196),7,Single Phase AC,In service
9cbf28c493d188e2392351da2d065b2c,Whitelee Holiday Cotages,55.339341,-2.454773,Newcastle upon Tyne,Tyne and Wear,NE19 1TJ,Other,In service,Yes,0,0,1,Unknown,Type 2 Mennekes (IEC62196),7,Single Phase AC,In service
456680b27cd6e23b4ccb5f32e4ec6e57,Whitelee Holiday Cotages,55.339441,-2.454873,Newcastle upon Tyne,Tyne and Wear,NE19 1TJ,Other,In service,Yes,0,0,1,Unknown,Type 2 Mennekes (IEC62196),7,Single Phase AC,In service
e19bb9061707cfad817a4cf3ed174a06,Whitelee Holiday Cotages,55.339141,-2.454873,Newcastle upon Tyne,Tyne and Wear,NE19 1TJ,Other,In service,Yes,0,0,1,Unknown,Type 2 Mennekes (IEC62196),7,Single Phase AC,In service
08931d765d99d3e849c9674cc289baf7,The Cheese Farm,55.086231,-1.651671,Newcastle upon Tyne,Tyne and Wear,NE13 6BZ,Other,In service,Yes,0,0,1,Unknown,Type 2 Mennekes (IEC62196),7,Single Phase AC,In service
db31e0a485a2b6c73be7067dd95c0c5e,Dean Street Multi Storey Carpark,54.970213,-1.609078,Newcastle upon Tyne,Tyne and Wear,NE1 1PG,Other,In service,Yes,0,0,1,Unknown,Type 2 Mennekes (IEC62196),7,Single Phase AC,In service
2b56ed40be5179e21a4e65c6871f61c1,Quayside Multi-Storey Car Park 1,54.971085,-1.605432,Newcastle upon Tyne,Tyne and Wear,NE1 3RF,Public car park,In service,Yes,0,0,1,No,Type 2 Mennekes (IEC62196),7,Single Phase AC,In service
0ca72f0a1292ede31400ee464c5c6cbe,Grey Street junction with Mosely Street,54.970956,-1.610735,Newcastle upon Tyne,Tyne and Wear,NE1 6AE,Other,In service,Yes,0,0,1,Unknown,Type 2 Mennekes (IEC62196),7,Single Phase AC,In service
54366258bb45311e0f0c80f3a3d50ab4,Newcastle Shopping Park,54.980094,-1.573052,Newcastle upon Tyne,Tyne and Wear,NE6 2US,Other,In service,Yes,0,0,1,Unknown,3-pin Type G (BS1363),3,Single Phase AC,In service
17f5185b19985f0cf7188661e54814f6,Otterburn Castle Hotel,55.232295,-2.177751,Newcastle upon Tyne,Tyne and Wear,NE19 1NS,Other,In service,Yes,1,0,1,Unknown,Type 2 Mennekes (IEC62196),7,Single Phase AC,In service
d7b1c47b71f171fef9e08f241c46f8c3,Newcastle Airport,55.03812,-1.710744,Newcastle upon Tyne,Tyne and Wear,NE13 8BZ,Other,In service,Yes,0,0,1,Unknown,Type 2 Mennekes (IEC62196),7,Single Phase AC,In service
f59d9ef3101457bdac17c8ef726694c9,Newcastle Airport,55.03802,-1.710744,Newcastle upon Tyne,Tyne and Wear,NE13 8BZ,Other,In service,Yes,0,0,1,Unknown,Type 2 Mennekes (IEC62196),7,Single Phase AC,In service
e0abd6e6385c00b0960a292aa8522351,Newcastle Airport,55.03822,-1.710744,Newcastle upon Tyne,Tyne and Wear,NE13 8BZ,Other,In service,Yes,0,0,1,Unknown,Type 2 Mennekes (IEC62196),7,Single Phase AC,In service
0ec52f9ec87486dfa654d766eb6979f7,Newcastle Airport,55.03842,-1.710744,Newcastle upon Tyne,Tyne and Wear,NE13 8BZ,Other,In service,Yes,0,0,1,Unknown,Type 2 Mennekes (IEC62196),7,Single Phase AC,In service
efc7667564c801b723843a81b5b10ab5,Gibside Hall,54.856926,-1.679857,Newcastle upon Tyne,Tyne and Wear,NE16 6BE,Other,In service,Yes,0,0,1,Unknown,Type 2 Mennekes (IEC62196),7,Single Phase AC,In service
b9adc4df9a0d423c165f63f40eb3a0df,Gibside Hall,54.856826,-1.679757,Newcastle upon Tyne,Tyne and Wear,NE16 6BE,Other,In service,Yes,0,0,1,Unknown,Type 2 Mennekes (IEC62196),7,Single Phase AC,In service
f4d4c95a4336cebe07df62e614f602f5,Quayside Multi-Storey Car Park 2,54.971185,-1.605302,Newcastle upon Tyne,Tyne and Wear,NE1 3RF,Public car park,In service,Yes,0,0,1,No,Type 2 Mennekes (IEC62196),7,Single Phase AC,In service
109673a937086b08c10d3e25d277b682,Leazes Village Carpark,54.9766,-1.61878,Newcastle upon Tyne,Tyne and Wear,NE1 4DD,Other,In service,Yes,0,0,1,Unknown,Type 2 Mennekes (IEC62196),7,Single Phase AC,In service
b55b1e5d638b9568d38abb426975d91c,St Nicholas Ave car park,55.004826,-1.619527,Newcastle upon Tyne,Tyne and Wear,NE3 1HB,Other,In service,Yes,0,0,1,Unknown,Type 2 Mennekes (IEC62196),7,Single Phase AC,In service
5937bc13febda34938aa32a74ad94173,St Nicholas Ave car park,55.004824,-1.619526,Newcastle upon Tyne,Tyne and Wear,NE3 1HB,Other,In service,Yes,0,0,1,Unknown,Type 2 Mennekes (IEC62196),7,Single Phase AC,In service
ffad99a1f556e0e0595aec7b8060662d,Argyle St Carpark,54.973972,-1.603339,Newcastle upon Tyne,Tyne and Wear,NE1 6PF,Other,In service,Yes,0,0,1,Unknown,Type 2 Mennekes (IEC62196),7,Single Phase AC,In service
3cdc0a294d55c26d6d656877c731d24d,Clayton Street opposite Falconer Street,54.97136,-1.61782,Newcastle upon Tyne,Tyne and Wear,NE1 5PF ,Other,In service,Yes,0,0,1,Unknown,Type 2 Mennekes (IEC62196),7,Single Phase AC,In service
bad65e96c2c6456a4f82970601d39714,Clayton Street opposite Falconer Street,54.971476,-1.617814,Newcastle upon Tyne,Tyne and Wear,NE1 5PF ,Other,In service,Yes,0,0,1,Unknown,Type 2 Mennekes (IEC62196),7,Single Phase AC,In service
d5447db4e54f5b3966dd967f22a9a07b,Clayton St junction with Pink Lane,54.970246,-1.619392,Newcastle upon Tyne,Tyne and Wear,NE1 4AE,Other,In service,Yes,0,0,1,Unknown,Type 2 Mennekes (IEC62196),7,Single Phase AC,In service
e16851c2e51d737d0f6a3b1529b93b26,Clayton St junction with Pink Lane,54.970146,-1.6193,Newcastle upon Tyne,Tyne and Wear,NE1 4AE,Other,In service,Yes,0,0,1,Unknown,Type 2 Mennekes (IEC62196),7,Single Phase AC,In service
9a8bf55dbb149d31677a2bb1a3370224,Akenside Hill junction with Queen Street,54.969204,-1.607213,Newcastle upon Tyne,Tyne and Wear,NE1 3UG,Other,In service,Yes,0,0,1,Unknown,Type 2 Mennekes (IEC62196),7,Single Phase AC,In service
e09baed818bb105cc3f3451d6aa93f2d,Front Street Car Park 1,54.946254,-1.680362,Newcastle upon Tyne,Tyne and Wear,NE16 4AB,Other,In service,Yes,0,0,1,No,Type 2 Mennekes (IEC62196),7,Single Phase AC,In service
fbcb037387e821a6b1898467b076c0d5,Front Street Car Park 2,54.946354,-1.680262,Newcastle upon Tyne,Tyne and Wear,NE16 4AB,Other,In service,Yes,0,0,1,No,3-pin Type G (BS1363),3,Single Phase AC,In service
9ff6b4c1124dfb0ddeffd72781d88aa6,Callerton Parkway Metro Station,55.028155,-1.703485,Newcastle upon Tyne,Tyne and Wear,NE13 8DF,Other,In service,Yes,0,0,1,Unknown,Type 2 Mennekes (IEC62196),7,Single Phase AC,In service
aadeccf20333fe8cb7946318389d4555,Thornhill Road Carpark,55.0508,-1.744099,Newcastle upon Tyne,Tyne and Wear,NE20 9PZ,Other,In service,Yes,1,0,1,Unknown,Type 2 Mennekes (IEC62196),7,Single Phase AC,In service
8f51d048845867380207217d2b5c3156,Thornhill Road Carpark,55.0507,-1.743999,Newcastle upon Tyne,Tyne and Wear,NE20 9PZ,Other,In service,Yes,1,0,1,Unknown,Type 2 Mennekes (IEC62196),7,Single Phase AC,In service
e1d351219a44905eb5f80749d63ce379,Vallum Farm,55.008157,-1.927307,Newcastle upon Tyne,Tyne and Wear,NE18 0LL,Other,In service,Yes,0,0,1,Unknown,Type 2 Mennekes (IEC62196),7,Single Phase AC,In service
a697ab0dcf803186970e7bb5ed0909fb,Vallum Farm,55.008157,-1.927207,Newcastle upon Tyne,Tyne and Wear,NE18 0LL,Other,In service,Yes,0,0,1,Unknown,Type 2 Mennekes (IEC62196),7,Single Phase AC,In service
c1474f1081f34c3e501e95ac5e9627e9,Grainger Town Car Park,54.969332,-1.622436,Newcastle upon Tyne,Tyne and Wear,NE1 4DP,Other,In service,Yes,0,0,1,Unknown,Type 2 Mennekes (IEC62196),7,Single Phase AC,In service
91caf8baf768a5cc1a69f73a26e173dd,Grainger Town Car Park,54.969232,-1.622436,Newcastle upon Tyne,Tyne and Wear,NE1 4DP,Other,In service,Yes,0,0,1,Unknown,Type 2 Mennekes (IEC62196),7,Single Phase AC,In service
9c3cfdc8a01e0b6d22a4cec0ab80440a,Grainger Town Car Park,54.969132,-1.622436,Newcastle upon Tyne,Tyne and Wear,NE1 4DP,Other,In service,Yes,0,0,1,Unknown,Type 2 Mennekes (IEC62196),7,Single Phase AC,In service
542b9ce5413bbceea136fecb513df4c3,Grainger Town Car Park,54.969032,-1.622436,Newcastle upon Tyne,Tyne and Wear,NE1 4DP,Other,In service,Yes,0,0,1,Unknown,Type 2 Mennekes (IEC62196),7,Single Phase AC,In service
1fc3f4cac90772f868f9945a5d6a7a7a,Grainger Town Car Park,54.968932,-1.622436,Newcastle upon Tyne,Tyne and Wear,NE1 4DP,Other,In service,Yes,0,0,1,Unknown,Type 2 Mennekes (IEC62196),7,Single Phase AC,In service
89db6efaa2613d91fc745b3d50d2bf1a,Grainger Town Car Park,54.968832,-1.622436,Newcastle upon Tyne,Tyne and Wear,NE1 4DP,Other,In service,Yes,0,0,1,Unknown,Type 2 Mennekes (IEC62196),7,Single Phase AC,In service
ef52eb8368b6c0434f0a44527ffbd9e9,Grainger Town Car Park,54.968732,-1.622436,Newcastle upon Tyne,Tyne and Wear,NE1 4DP,Other,In service,Yes,0,0,1,Unknown,Type 2 Mennekes (IEC62196),7,Single Phase AC,In service
0fbdcafcce2cb11f51c99c4d667b1488,Grainger Town Car Park,54.968632,-1.622436,Newcastle upon Tyne,Tyne and Wear,NE1 4DP,Other,In service,Yes,0,0,1,Unknown,Type 2 Mennekes (IEC62196),7,Single Phase AC,In service
598a3242360f1b7afc0b59475de711f7,Grainger Town Car Park,54.968532,-1.622436,Newcastle upon Tyne,Tyne and Wear,NE1 4DP,Other,In service,Yes,0,0,1,Unknown,Type 2 Mennekes (IEC62196),7,Single Phase AC,In service
712ac39ad32d1f36e2afc3388d9dec86,Grainger Town Car Park,54.968432,-1.622436,Newcastle upon Tyne,Tyne and Wear,NE1 4DP,Other,In service,Yes,0,0,1,Unknown,Type 2 Mennekes (IEC62196),7,Single Phase AC,In service
16ed29ce607dd940ec33787f09b61d93,Grainger Town Car Park,54.968332,-1.622436,Newcastle upon Tyne,Tyne and Wear,NE1 4DP,Other,In service,Yes,0,0,1,Unknown,Type 2 Mennekes (IEC62196),7,Single Phase AC,In service
4cf7fbdf88b8e8dc6f99b975754493e4,Grainger Town Car Park,54.968232,-1.622436,Newcastle upon Tyne,Tyne and Wear,NE1 4DP,Other,In service,Yes,0,0,1,Unknown,Type 2 Mennekes (IEC62196),7,Single Phase AC,In service
9745c8309fb3902f9b19a3b78d0cbdec,Grainger Town Car Park,54.968132,-1.622436,Newcastle upon Tyne,Tyne and Wear,NE1 4DP,Other,In service,Yes,0,0,1,Unknown,Type 2 Mennekes (IEC62196),7,Single Phase AC,In service
8ec959b57278128ac65607f07812f0fd,Grainger Town Car Park,54.968032,-1.622436,Newcastle upon Tyne,Tyne and Wear,NE1 4DP,Other,In service,Yes,0,0,1,Unknown,Type 2 Mennekes (IEC62196),7,Single Phase AC,In service
ff2182172c8da2d80ebf6d0a22b749f2,Grainger Town Car Park,54.969532,-1.622436,Newcastle upon Tyne,Tyne and Wear,NE1 4DP,Other,In service,Yes,0,0,1,Unknown,Type 2 Mennekes (IEC62196),7,Single Phase AC,In service
27f0681af3b501d1a5e313be097da0a6,Grainger Town Car Park,54.969432,-1.622436,Newcastle upon Tyne,Tyne and Wear,NE1 4DP,Other,In service,Yes,0,0,1,Unknown,Type 2 Mennekes (IEC62196),7,Single Phase AC,In service
e04f727550ad26170337577bb955a20b,Quayside Multi-Storey Car Park 3,54.971194,-1.605997,Newcastle upon Tyne,Tyne and Wear,NE1 3RF,Public car park,In service,Yes,0,0,1,No,Type 2 Mennekes (IEC62196),7,Single Phase AC,In service
1eebbb55fd7a6ade3787002e5f87ceab,Quayside Multi-Storey Car Park 4,54.971094,-1.605997,Newcastle upon Tyne,Tyne and Wear,NE1 3RF,Public car park,In service,Yes,0,0,1,No,Type 2 Mennekes (IEC62196),7,Single Phase AC,In service
045020ae3a56c185c69e8984ecf61415,Quayside Multi-Storey Car Park 5,54.971194,-1.605997,Newcastle upon Tyne,Tyne and Wear,NE1 3RF,Public car park,In service,Yes,0,0,1,No,Type 2 Mennekes (IEC62196),7,Single Phase AC,In service
9dc69f4a9d78d28dc1ba5697a159c546,Quayside Multi-Storey Car Park 6,54.971294,-1.605997,Newcastle upon Tyne,Tyne and Wear,NE1 3RF,Public car park,In service,Yes,0,0,1,No,Type 2 Mennekes (IEC62196),7,Single Phase AC,In service
ae5e5d97ec37b67fcd007bb1657f879b,Quayside Multi-Storey Car Park 7,54.971594,-1.605997,Newcastle upon Tyne,Tyne and Wear,NE1 3RF,Public car park,In service,Yes,0,0,1,No,Type 2 Mennekes (IEC62196),7,Single Phase AC,In service
8e0c4a20ac8766a81dd8d74bb236e889,Quayside Multi-Storey Car Park 8,54.971694,-1.605997,Newcastle upon Tyne,Tyne and Wear,NE1 3RF,Public car park,In service,Yes,0,0,1,No,Type 2 Mennekes (IEC62196),7,Single Phase AC,In service
c45a49d5ee861cba663d92e76d5036c9,Quayside Multi-Storey Car Park 9,54.971394,-1.605997,Newcastle upon Tyne,Tyne and Wear,NE1 3RF,Public car park,In service,Yes,0,0,1,No,Type 2 Mennekes (IEC62196),7,Single Phase AC,In service
d61bc8a71e83b3799b433cf0b29a36e4,Quayside Multi-Storey Car Park 10,54.971494,-1.605997,Newcastle upon Tyne,Tyne and Wear,NE1 3RF,Public car park,In service,Yes,0,0,1,No,Type 2 Mennekes (IEC62196),7,Single Phase AC,In service
c5d08fc497bfb4d26fa921396d95d458,Quayside Multi-Storey Car Park 11,54.971794,-1.605997,Newcastle upon Tyne,Tyne and Wear,NE1 3RF,Public car park,In service,Yes,0,0,1,No,Type 2 Mennekes (IEC62196),7,Single Phase AC,In service
1a7fd965c4e7dc9a6c6665ca4ba813c2,Quayside Multi-Storey Car Park 12,54.971894,-1.605997,Newcastle upon Tyne,Tyne and Wear,NE1 3RF,Public car park,In service,Yes,0,0,1,No,Type 2 Mennekes (IEC62196),7,Single Phase AC,In service
d8c3b11e26ab89d9712734aac8765677,Quayside Multi-Storey Car Park 13,54.971994,-1.605997,Newcastle upon Tyne,Tyne and Wear,NE1 3RF,Public car park,In service,Yes,0,0,1,No,Type 2 Mennekes (IEC62196),7,Single Phase AC,In service
63515bad9f509b6783009bc4bca0162e,Quayside Multi-Storey Car Park 14,54.971094,-1.605997,Newcastle upon Tyne,Tyne and Wear,NE1 3RF,Public car park,In service,Yes,0,0,1,No,Type 2 Mennekes (IEC62196),7,Single Phase AC,In service
644d47ad4e86f0e50d1904691958f743,Collingwood St junction,54.96998,-1.6126,Newcastle upon Tyne,Tyne and Wear,NE1 1HE,Other,In service,Yes,0,0,1,Unknown,Type 2 Mennekes (IEC62196),7,Single Phase AC,In service
e17d574a9ac6743fda8847722a2ce8c3,Collingwood St junction,54.969867,-1.613019,Newcastle upon Tyne,Tyne and Wear,NE1 1HE,Other,In service,Yes,0,0,1,Unknown,Type 2 Mennekes (IEC62196),7,Single Phase AC,In service
94fb5e0d0f503714002dd7ba30e89195,The Grove,55.004038,-1.612547,Newcastle upon Tyne,Tyne and Wear,NE3 1NH,Other,In service,Yes,0,0,1,Unknown,Type 2 Mennekes (IEC62196),7,Single Phase AC,In service
ed18370ab753647f8aa890dab473e6b7,Claremont Road,54.987547,-1.635838,Newcastle upon Tyne,Tyne and Wear,NE2 4NL,Other,In service,Yes,0,0,1,Unknown,3-pin Type G (BS1363),3,Single Phase AC,In service
8fe7117815d34847105f5cc78a519d8a,Westgate Road,54.971513,-1.62829,Newcastle upon Tyne,Tyne and Wear,NE4 6AH,Other,In service,Yes,0,0,1,Unknown,Type 2 Mennekes (IEC62196),7,Single Phase AC,In service
ca150bd929d10400377196db6715f8f8,Blandford Square,54.968842,-1.624004,Newcastle upon Tyne,Tyne and Wear,NE1 4JA,Other,In service,Yes,0,0,1,Unknown,Type 2 Mennekes (IEC62196),7,Single Phase AC,In service
85fb8f045570014b485523879fc3ab0b,Blandford Square,54.968716,-1.624017,Newcastle upon Tyne,Tyne and Wear,NE1 4JA,Other,In service,Yes,0,0,1,Unknown,Type 2 Mennekes (IEC62196),7,Single Phase AC,In service
e7c3bf43a683b8e7d5e4f103b16de6e7,Your Homes Newcastle,55.009381,-1.599209,Newcastle upon Tyne,Tyne and Wear,NE7 7LX,Other,In service,Yes,0,0,1,Unknown,3-pin Type G (BS1363),3,Single Phase AC,In service
e65e15c993a8ecd9e90f3d243203a2a4,Bigg Market,54.971111,-1.613678,Newcastle upon Tyne,Tyne and Wear,NE1 1UG,Other,In service,Yes,0,0,1,Unknown,3-pin Type G (BS1363),3,Single Phase AC,In service
b2769ab71109c3634b3115937deaa34a,Bigg Market,54.971011,-1.613778,Newcastle upon Tyne,Tyne and Wear,NE1 1UG,Other,In service,Yes,0,0,1,Unknown,Type 2 Mennekes (IEC62196),7,Single Phase AC,In service
92f55e5c0005f88cb73fe7a338842a4f,Claremont Road,54.987447,-1.635938,Newcastle upon Tyne,Tyne and Wear,NE2 4NL,Other,In service,Yes,0,0,1,Unknown,Type 2 Mennekes (IEC62196),7,Single Phase AC,In service
d778dda0358a70c62a4ee6e61f33829d,Melbourne Street,54.971808,-1.60526,Newcastle upon Tyne,Tyne and Wear,NE1 2JS,Other,In service,Yes,0,0,1,Unknown,Type 2 Mennekes (IEC62196),7,Single Phase AC,In service
ce4a5cd2d961ac2c758c43c3c2b72caa,Westgate Road,54.971544,-1.628525,Newcastle upon Tyne,Tyne and Wear,NE4 6AH,Other,In service,Yes,0,0,1,Unknown,Type 2 Mennekes (IEC62196),7,Single Phase AC,In service
b4839d20c9a13ccf4a0a61b863bdd56c,City Road,54.97114,-1.602995,Newcastle upon Tyne,Tyne and Wear,NE1 2AF,Other,In service,Yes,0,0,1,Unknown,3-pin Type G (BS1363),3,Single Phase AC,In service
45c279002a2f09dafffe35f3ca26f309,City Road,54.971043,-1.603065,Newcastle upon Tyne,Tyne and Wear,NE1 2AF,Other,In service,Yes,0,0,1,Unknown,Type 2 Mennekes (IEC62196),7,Single Phase AC,In service
901eed0aea40de0fd19a2cacc99a3066,Chillingham Road,54.986955,-1.577002,Newcastle upon Tyne,Tyne and Wear,NE6 5LS,Other,In service,Yes,0,0,1,Unknown,3-pin Type G (BS1363),3,Single Phase AC,In service
4b4053f74ead8706cc643fccdbb9c85c,NGP Park and Ride,55.034059,-1.645223,Newcastle upon Tyne,Tyne and Wear,NE13 9AA,Park & Ride site,In service,Yes,0,0,1,Unknown,Type 2 Mennekes (IEC62196),7,Single Phase AC,In service
2200c4dbfad5f09e8d6af066c26e2863,NGP Park and Ride,55.034129,-1.645223,Newcastle upon Tyne,Tyne and Wear,NE13 9AA,Park & Ride site,In service,Yes,0,0,1,Unknown,3-pin Type G (BS1363),3,Single Phase AC,In service
e2463e1d67abb1fc3083f53a842cc2d1,NGP Park and Ride,55.034229,-1.645223,Newcastle upon Tyne,Tyne and Wear,NE13 9AA,Park & Ride site,In service,Yes,0,0,1,Unknown,Type 2 Mennekes (IEC62196),7,Single Phase AC,In service
c7fdc5f5c63fbdc92af9e5df3721ed6b,Civic Centre Underground Barras Bridge,54.970213,-1.609178,Newcastle upon Tyne,Tyne and Wear,NE99 2BN,Other,In service,Yes,0,0,1,No,Type 2 Mennekes (IEC62196),7,Single Phase AC,In service
f0a1a529f475b1900279e9217e38f45d,Civic Centre Underground Barras Bridge,54.970313,-1.609178,Newcastle upon Tyne,Tyne and Wear,NE99 2BN,Other,In service,Yes,0,0,1,Unknown,Type 2 Mennekes (IEC62196),7,Single Phase AC,In service
30d4acd988cebcb9d2142e2af7a9dbaf,Civic Centre Underground Barras Bridge,54.970313,-1.609078,Newcastle upon Tyne,Tyne and Wear,NE99 2BN,Other,In service,Yes,0,0,1,Unknown,Type 2 Mennekes (IEC62196),7,Single Phase AC,In service
fdeb711f948b72ef659f43ec66a36709,Civic Centre Underground Barras Bridge,54.970313,-1.609078,Newcastle upon Tyne,Tyne and Wear,NE99 2BN,Other,In service,Yes,0,0,1,Unknown,Type 2 Mennekes (IEC62196),7,Single Phase AC,In service
9fe79d0e0ed2c8a72600b5eb4706395d,Civic Centre Underground Barras Bridge,54.970213,-1.609078,Newcastle upon Tyne,Tyne and Wear,NE99 2BN,Other,In service,Yes,0,0,1,Unknown,Type 2 Mennekes (IEC62196),7,Single Phase AC,In service
3e962db4a16e6df50fd73afc752f3f89,Civic Centre Underground Barras Bridge,54.970313,-1.609078,Newcastle upon Tyne,Tyne and Wear,NE99 2BN,Other,In service,Yes,0,0,1,Unknown,Type 2 Mennekes (IEC62196),7,Single Phase AC,In service
8b1d4dae4314191be293526cf052e257,Civic Centre Underground Barras Bridge,54.970213,-1.609078,Newcastle upon Tyne,Tyne and Wear,NE99 2BN,Other,In service,Yes,0,0,1,Unknown,Type 2 Mennekes (IEC62196),7,Single Phase AC,In service
6005fb5ae0d58f2b5c9dd63b6089b92b,Civic Centre Underground Barras Bridge,54.970213,-1.608078,Newcastle upon Tyne,Tyne and Wear,NE99 2BN,Other,In service,Yes,0,0,1,Unknown,Type 2 Mennekes (IEC62196),7,Single Phase AC,In service
ef1f649f75e8a22d9c13c9aef6437832,Eldon Garden Multi-Storey Car Park 3,54.976762,-1.615685,Newcastle upon Tyne,Tyne and Wear,NE1 7RZ,Public car park,In service,Yes,0,0,1,No,Type 2 Mennekes (IEC62196),7,Single Phase AC,In service
2871d86ea442b2496f4774b3810b2142,Eldon Garden Multi-Storey Car Park 4,54.976762,-1.615685,Newcastle upon Tyne,Tyne and Wear,NE1 7RZ,Public car park,In service,Yes,0,0,1,No,Type 2 Mennekes (IEC62196),7,Single Phase AC,In service
d130125b5bba8462ae017c93319b79fd,Eldon Garden Multi-Storey Car Park 5,54.976762,-1.615685,Newcastle upon Tyne,Tyne and Wear,NE1 7RZ,Public car park,In service,Yes,0,0,1,No,Type 2 Mennekes (IEC62196),7,Single Phase AC,In service
5e57e76cd6ebcdd544ce5dd30faa95db,Eldon Garden Multi-Storey Car Park 6,54.976762,-1.615685,Newcastle upon Tyne,Tyne and Wear,NE1 7RZ,Public car park,In service,Yes,0,0,1,No,Type 2 Mennekes (IEC62196),7,Single Phase AC,In service
5fc78eaa477c004f02bd794d43e3c378,Eldon Garden Multi-Storey Car Park 7,54.976762,-1.615685,Newcastle upon Tyne,Tyne and Wear,NE1 7RZ,Public car park,In service,Yes,0,0,1,No,Type 2 Mennekes (IEC62196),7,Single Phase AC,In service
2aed7be01bfae8763e78deedbeaa8b01,Eldon Garden Multi-Storey Car Park 8,54.976762,-1.615685,Newcastle upon Tyne,Tyne and Wear,NE1 7RZ,Public car park,In service,Yes,0,0,1,No,Type 2 Mennekes (IEC62196),7,Single Phase AC,In service
75f8f7a9ced8da0635e455405200f2e8,Eldon Garden Multi-Storey Car Park 9,54.976762,-1.615685,Newcastle upon Tyne,Tyne and Wear,NE1 7RZ,Public car park,In service,Yes,0,0,1,No,Type 2 Mennekes (IEC62196),7,Single Phase AC,In service
52f0ab576a3efd4c9e6f71fcab5ecdba,Eldon Garden Multi-Storey Car Park 10,54.976762,-1.615685,Newcastle upon Tyne,Tyne and Wear,NE1 7RZ,Public car park,In service,Yes,0,0,1,No,Type 2 Mennekes (IEC62196),7,Single Phase AC,In service
8feeb5ed0776e02943859128347dc015,Eldon Garden Multi-Storey Car Park 11,54.976762,-1.615685,Newcastle upon Tyne,Tyne and Wear,NE1 7RZ,Public car park,In service,Yes,0,0,1,No,Type 2 Mennekes (IEC62196),7,Single Phase AC,In service
ec23187ecc4e0c6eb40cd187db4a865c,Eldon Garden Multi-Storey Car Park 12,54.976762,-1.615685,Newcastle upon Tyne,Tyne and Wear,NE1 7RZ,Public car park,In service,Yes,0,0,1,No,Type 2 Mennekes (IEC62196),7,Single Phase AC,In service
232efe14b864588c1d368b35b460e2d2,Eldon Garden Multi-Storey Car Park 13,54.976762,-1.615685,Newcastle upon Tyne,Tyne and Wear,NE1 7RZ,Public car park,In service,Yes,0,0,1,No,Type 2 Mennekes (IEC62196),7,Single Phase AC,In service
20c2353f84c70aee669d3af094e1f056,Eldon Garden Multi-Storey Car Park 14,54.976762,-1.615685,Newcastle upon Tyne,Tyne and Wear,NE1 7RZ,Public car park,In service,Yes,0,0,1,No,Type 2 Mennekes (IEC62196),7,Single Phase AC,In service
5b4e256d43c2e28b425581832a4e0a09,Eldon Garden Multi-Storey Car Park 15,54.976762,-1.615685,Newcastle upon Tyne,Tyne and Wear,NE1 7RZ,Public car park,In service,Yes,0,0,1,No,Type 2 Mennekes (IEC62196),7,Single Phase AC,In service
cf5194e6374a74876e12ddcba1cff0b7,Eldon Garden Multi-Storey Car Park 16,54.976762,-1.615685,Newcastle upon Tyne,Tyne and Wear,NE1 7RZ,Public car park,In service,Yes,0,0,1,No,Type 2 Mennekes (IEC62196),7,Single Phase AC,In service
c619d3037eacda6b38dc09ef98903f5e,Eldon Garden Multi-Storey Car Park 17,54.976762,-1.615685,Newcastle upon Tyne,Tyne and Wear,NE1 7RZ,Public car park,In service,Yes,0,0,1,No,Type 2 Mennekes (IEC62196),7,Single Phase AC,In service
338ab51c4c2c88328e001aab08fddcd2,Eldon Garden Multi-Storey Car Park 18,54.976762,-1.615685,Newcastle upon Tyne,Tyne and Wear,NE1 7RZ,Public car park,In service,Yes,0,0,1,No,Type 2 Mennekes (IEC62196),7,Single Phase AC,In service
7c4e2c89a4054ce79d83c88031174b3d,Eldon Garden Multi-Storey Car Park 19,54.977362,-1.615685,Newcastle upon Tyne,Tyne and Wear,NE1 7RZ,Public car park,In service,Yes,0,0,1,No,Type 2 Mennekes (IEC62196),7,Single Phase AC,In service
709f9b6bebbf6b83d059f97a0fd5faa0,Eldon Garden Multi-Storey Car Park 20,54.977462,-1.615685,Newcastle upon Tyne,Tyne and Wear,NE1 7RZ,Public car park,In service,Yes,0,0,1,No,Type 2 Mennekes (IEC62196),7,Single Phase AC,In service
0d14e3ef9e05269b449abdfcf5c8c60a,Eldon Garden Multi-Storey Car Park 21,54.977162,-1.615685,Newcastle upon Tyne,Tyne and Wear,NE1 7RZ,Public car park,In service,Yes,0,0,1,No,Type 2 Mennekes (IEC62196),7,Single Phase AC,In service
b12651683fc3724a483ce32818a4068a,Eldon Garden Multi-Storey Car Park 22,54.977262,-1.615685,Newcastle upon Tyne,Tyne and Wear,NE1 7RZ,Public car park,In service,Yes,0,0,1,No,Type 2 Mennekes (IEC62196),7,Single Phase AC,In service
3211768f6a03691dec62ef85cf89b74a,Scotswood Road,54.964443,-1.627892,Newcastle upon Tyne,Tyne and Wear,NE4 7AP,Other,In service,Yes,0,0,1,Unknown,Type 2 Mennekes (IEC62196),7,Single Phase AC,In service
b9af48c23f22e423d48a8263dffad03f,Ponteland Leisure Centre,55.048909,-1.74044,Newcastle upon Tyne,Tyne and Wear,NE20 9EG,Leisure centre,In service,No,0,0,0,Yes,Type 2 Mennekes (IEC62196),43,Three Phase AC,In service
7cd6956307b71eb4bd97408c1d35d726,Thornhill Road Ponteland,55.051163,-1.744151,Newcastle upon Tyne,Tyne and Wear,NE20 9PZ,Public car park,In service,No,0,0,0,Yes,Type 2 Mennekes (IEC62196),22,Three Phase AC,In service
04e37611fefa45c2c3fa2c9d6668a6ff,Thornhill Road Ponteland,55.051163,-1.744151,Newcastle upon Tyne,Tyne and Wear,NE20 9PZ,Public car park,In service,No,0,0,0,Yes,Type 2 Mennekes (IEC62196),22,Three Phase AC,In service
5ed46a6701a58a8944594f5d8d6b54d7,Newcastle Airport,55.035259,-1.71038,Newcastle upon Tyne,Newcastle upon Tyne,NE13 8BZ,Workplace car park,In service,No,0,0,1,Yes,JEVS G105 (CHAdeMO) DC,50,DC,In service
fd73d9e039609042b9532f83ea3e3ae5,Newcastle International Airport,55.036098,-1.71025,Newcastle upon Tyne,Newcastle upon Tyne,NE13 8BZ,Public car park,In service,No,0,0,1,Yes,JEVS G105 (CHAdeMO) DC,50,DC,In service
1a40f3cb7235c6bc170f6b8015ccc108,Newcastle International Airport,55.036991,-1.71175,Newcastle upon Tyne,Newcastle upon Tyne,NE13 8BZ,Other,In service,No,0,0,1,Yes,JEVS G105 (CHAdeMO) DC,50,DC,In service
67b96f26f5e00c2212e6711dd5aef7b1,Grainger Town Car Park- level 10,54.96851,-1.6224,Newcastle upon Tyne,Newcastle upon Tyne,NE1 4DP,Retail car park,In service,No,0,0,1,Yes,Type 2 Mennekes (IEC62196),7,Single Phase AC,In service
8a122c45e107719c1613fa6285988a33,Grainger Town Car Park- level 14,54.968788,-1.62221,Newcastle upon Tyne,Newcastle upon Tyne,NE1 4DP,Other,In service,No,0,0,1,Yes,Type 2 Mennekes (IEC62196),7,Single Phase AC,In service
b4fec21980c81120f5016c6143d4eb5b,Eldon Garden Multi-Storey Car Park,54.976051,-1.61615,Newcastle upon Tyne,Newcastle upon Tyne,NE1 7RT,Retail car park,In service,No,0,0,1,Yes,Type 2 Mennekes (IEC62196),7,Single Phase AC,In service
51ed627c95d3f2fd66834d0da831017e,Eldon Garden Multi-Storey Car Park,54.97607,-1.61671,Newcastle upon Tyne,Newcastle upon Tyne,NE1 7RT,Educational establishment,In service,No,0,0,1,Yes,Type 2 Mennekes (IEC62196),7,Single Phase AC,In service
3302e5b7de9d331909d6cae9431eb5a5,Eldon Garden Multi-Storey Car Park,54.97607,-1.61671,Newcastle upon Tyne,Newcastle upon Tyne,NE1 7RT,Other,In service,No,0,0,1,Yes,Type 2 Mennekes (IEC62196),7,Single Phase AC,In service
226150a1f66b19d3859b4d34b0b578e2,Eldon Garden Multi-Storey Car Park,54.975922,-1.61658,Newcastle upon Tyne,Newcastle upon Tyne,NE1 7RT,Dealership forecourt,In service,No,0,0,1,Yes,Type 2 Mennekes (IEC62196),7,Single Phase AC,In service
7789dbacd02145696eec8003d1c23040,Eldon Garden Multi-Storey Car Park,54.976051,-1.61658,Newcastle upon Tyne,Newcastle upon Tyne,NE1 7RT,Public car park,In service,No,0,0,1,Yes,Type 2 Mennekes (IEC62196),7,Single Phase AC,In service
59b177cf8deaa52e80acd48bfaf1b1bf,Grainger Town Car Park,54.96851,-1.6224,Newcastle upon Tyne,Newcastle upon Tyne,NE1 4DP,Dealership forecourt,In service,No,0,0,1,Yes,Type 2 Mennekes (IEC62196),7,Single Phase AC,In service
c8433d95eaff036f5e8374b8ef0c69ba,Grainger Town Car Park,54.968788,-1.62221,Newcastle upon Tyne,Newcastle upon Tyne,NE1 4DP,Dealership forecourt,In service,No,0,0,1,Yes,Type 2 Mennekes (IEC62196),7,Single Phase AC,In service
91e50fe1e39af2869d3336eaaeebdb43,Benfield Motors,54.978947,-1.599306,Newcastle upon Tyne,Tyne and Wear,NE2 1AR,Other,In service,Yes,0,0,1,Unknown,3-pin Type G (BS1363),3,Single Phase AC,In service
991b499bc45394c77e00daa945bf9353,Northumbria University Business School,54.976439,-1.604224,Newcastle upon Tyne,Tyne and Wear,NE1 8ST,Educational establishment,In service,Yes,1,0,1,Unknown,Type 2 Mennekes (IEC62196),7,Single Phase AC,In service
ce627bf900500eaedade86284e9c171c,Walkergate Health Centre,54.986205,-1.560457,Newcastle upon Tyne,Tyne and Wear,NE6 4QD,Other,In service,Yes,1,0,1,Unknown,Type 2 Mennekes (IEC62196),7,Single Phase AC,In service
92174236e84f0711923e9fad5e5a7dbf,Sainsburys Heaton - Newcastle,54.996992,-1.578523,Newcastle upon Tyne,Tyne and Wear,NE7 7JW,Park & Ride site,In service,Yes,0,0,1,Unknown,3-pin Type G (BS1363),3,Single Phase AC,In service
08148d97e8d8dbf212548b8a545ae0b3,Benfield Park Healthcare & Diagnostic Centre,54.986483,-1.560315,Newcastle upon Tyne,Tyne and Wear,NE6 4QD,Public car park,In service,No,0,0,0,Yes,Type 2 Mennekes (IEC62196),7,Single Phase AC,In service
dc38c86788d92f88c2d11fe217bc57eb,The Gate - Newcastle,54.972807,-1.619594,Newcastle upon Tyne,Tyne and Wear,NE1 4XQ,Public car park,In service,No,0,0,0,Yes,Type 2 Mennekes (IEC62196),7,Single Phase AC,In service
ac0064d281e57f84b82925ad5ccc4a70,Northumberland Retail Park,55.031194,-1.522231,Newcastle upon Tyne,Tyne and Wear,NE27 0FS,Public car park,In service,No,0,0,0,Yes,Type 2 Mennekes (IEC62196),7,Single Phase AC,In service
9cd8ada4b4da6ef86c6f25a40b1daa62,Morrison Newcastle UT Cowgate ,54.989588,-1.657542,Newcastle upon Tyne,Tyne and Wear,NE4 9SZ,Retail car park,In service,Yes,0,0,0,Yes,CCS Type 2 Combo (IEC62196),60,DC,In service
4f125049371abdf7ae362df5e25f62ac,Morrison Newcastle Great Park,55.030891,-1.648483,Newcastle upon Tyne,Tyne and Wear,NE13 9ES,Retail car park,In service,Yes,0,0,0,Yes,JEVS G105 (CHAdeMO) DC,75,DC,In service
1d9266a93cf9f598ef4807af1e46cebf,Morrison Newcastle Great Park,55.030891,-1.648484,Newcastle upon Tyne,Tyne and Wear,NE13 9ES,Retail car park,In service,Yes,0,0,0,Yes,Type 2 Mennekes (IEC62196),7,Single Phase AC,In service
832cb5843d4b85b3afb7d9a659cf9c41,Wellington Street,54.974227,-1.625113,Newcastle upon Tyne,Tyne and Wear,NE4 5SX,On-street,In service,Yes,0,0,0,Yes,Type 2 Mennekes (IEC62196),43,Three Phase AC,In service
7686068674869a65771830aa499930ea,Wellington Street,54.974227,-1.625113,Newcastle upon Tyne,Tyne and Wear,NE4 5SX,On-street,In service,Yes,0,0,0,Yes,Type 2 Mennekes (IEC62196),43,Three Phase AC,In service
a9ab0735cd73dacd1156e578b6db26f2,Wellington Street,54.974227,-1.625113,Newcastle upon Tyne,Tyne and Wear,NE4 5SX,On-street,In service,Yes,0,0,0,Yes,Type 2 Mennekes (IEC62196),43,Three Phase AC,In service
2c50841de735ce690a33ce6706b34d0d,Wellington Street,54.974227,-1.625113,Newcastle upon Tyne,Tyne and Wear,NE4 5SX,On-street,In service,Yes,0,0,0,Yes,Type 2 Mennekes (IEC62196),43,Three Phase AC,In service
cb4e7af98667b2c91c442d0412640c4b,Wellington Street,54.974227,-1.625113,Newcastle upon Tyne,Tyne and Wear,NE4 5SX,On-street,In service,Yes,0,0,0,Yes,CCS Type 2 Combo (IEC62196),175,DC,In service
d89b833158f0d9a73fd33bb243fe5786,Wellington Street,54.974227,-1.625113,Newcastle upon Tyne,Tyne and Wear,NE4 5SX,On-street,In service,Yes,0,0,0,Yes,CCS Type 2 Combo (IEC62196),175,DC,In service
14ea332d0684051d9fef033a5f1607dd,Northumbria Police,55.031668,-1.580617,Newcastle upon Tyne,Tyne and Wear,NE12 6QN,Workplace car park,In service,Yes,1,0,1,Unknown,Type 2 Mennekes (IEC62196),7,Single Phase AC,In service
3f0f51954aaf9e72904483e4f2e061b8,"Stella House, Goldcrest Way,",54.9687,-1.711496,Newcastle upon Tyne,Northumberland,NE15 8NY,Other,In service,No,0,0,0,Yes,Type 2 Mennekes (IEC62196),7,Single Phase AC,In service
8b898ad36d846003ddc0c7f4ff290771,"Stella House, Goldcrest Way,",54.9687,-1.711496,Newcastle upon Tyne,Northumberland,NE15 8NY,Other,In service,No,0,0,0,Yes,Type 2 Mennekes (IEC62196),7,Single Phase AC,In service
ad16c88d17870c1cbf2b00d416d82fde,RAW GREENE KING NEWTON PARK 2,55.001592,-1.580241,Newcastle upon Tyne,Tyne and Wear,NE7 7EB,Other,In service,No,0,0,0,Yes,Type 2 Mennekes (IEC62196),22,Three Phase AC,In service
6e1cfa65f7b5f7e2eded1a58b713ceab,RAW GREENE KING NEWTON PARK 2,55.001592,-1.580241,Newcastle upon Tyne,Tyne and Wear,NE7 7EB,Other,In service,No,0,0,0,Yes,Type 2 Mennekes (IEC62196),22,Three Phase AC,In service
110ca8c36b24a7fbaf75c670ab1c75f2,RAW GREENE KING NEWTON PARK 2,55.001592,-1.580241,Newcastle upon Tyne,Tyne and Wear,NE7 7EB,Other,In service,No,0,0,0,Yes,Type 2 Mennekes (IEC62196),22,Three Phase AC,In service
599201e196442ca6f45c7303aecc4f99,RAW GREENE KING JINGLING GATE 1,55.004827,-1.708071,Newcastle upon Tyne,Tyne and Wear,NE5 1NL,Other,In service,No,0,0,0,Yes,Type 2 Mennekes (IEC62196),22,Three Phase AC,In service
c5e348ddd390ebc319d012348ff9ad4a,RAW GREENE KING JINGLING GATE 1,55.004827,-1.708071,Newcastle upon Tyne,Tyne and Wear,NE5 1NL,Other,In service,No,0,0,0,Yes,Type 2 Mennekes (IEC62196),22,Three Phase AC,In service
7b8facd36dee002ebd713557e6adc2cb,RAW GREENE KING BLACK BULL 2,55.00984,-1.575806,Newcastle upon Tyne,Tyne and Wear,NE7 7XE,Other,In service,No,0,0,0,Yes,Type 2 Mennekes (IEC62196),22,Three Phase AC,In service
ee9343b9fd3d2b533d0e81673cb8b1b7,RAW GREENE KING BLACK BULL 2,55.00984,-1.575806,Newcastle upon Tyne,Tyne and Wear,NE7 7XE,Other,In service,No,0,0,0,Yes,Type 2 Mennekes (IEC62196),22,Three Phase AC,In service
